X,Y,Z
248,53,-207
247,42,-218
242,30,-235
237,24,-242
228,13,-254
241,11,-256
326,-14,-153
360,-34,-42
297,-65,197
247,-41,248
152,52,281
98,133,261
101,193,198
80,268,-4
62,256,-98
64,116,-290
68,30,-327
130,-98,-325
230,-220,-211
251,-261,-133
286,-256,-42
300,-245,-6
310,-209,88
285,-181,161
169,-115,291
122,-86,313
16,-67,326
-78,-59,305
-137,-81,275
-205,-37,218
-245,-2,159
-266,42,85
-271,53,45
-287,-11,-40
-287,-60,-44
-279,-48,-72
-253,-26,-148
-231,-35,-183
-118,-69,-286
-44,-90,-313
86,-149,-301
195,-158,-256
214,-148,-244
221,-133,-236
213,-128,-245
161,-149,-274
133,-139,-288
70,-123,-314
36,-100,-321
56,28,-317
129,180,-214
152,228,-116
126,259,31
77,250,109
-90,222,120
-175,169,110
-253,10,149
-278,-88,95
-278,-137,20
-214,-212,-134
-136,-225,-213
10,-264,-246
84,-280,-226
148,-287,-190
152,-291,-181
155,-274,-199
144,-215,-259
153,-174,-280
194,-52,-288
210,5,-271
232,91,-219
233,141,-170
181,226,-32
90,235,115
53,215,164
1,171,225
-21,149,240
-41,109,271
-38,73,289
-95,-27,299
-117,-103,286
-104,-278,188
-68,-363,-52
-90,-343,-96
-67,-350,-101
-48,-350,-116
-12,-331,-176
38,-313,-208
52,-265,-256
50,-242,-276
35,-203,-298
53,-180,-307
39,-179,-310
10,-113,-318
-34,-71,-312
-118,-70,-271
-161,-90,-237
-226,-119,-151
-249,-131,-94
-259,-133,-51
-254,-170,39
-226,-196,108
-152,-199,218
-115,-197,249
2,-191,300
87,-176,304
259,-132,244
368,-97,46
372,-83,-54
318,-76,-189
293,-58,-216
250,-102,-257
193,-110,-295
128,-50,-313
86,14,-304
76,14,-303
58,-34,-309
47,-85,-303
46,-210,-252
59,-258,-206
130,-321,-78
172,-321,-24
236,-293,22
260,-273,83
243,-273,116
226,-258,165
219,-256,181
220,-208,227
214,-184,254
179,-182,278
62,-61,342
-19,-10,331
-166,117,182
-200,137,88
-200,143,-44
-176,160,-70
-59,249,40
-24,253,94
-28,228,156
-93,187,172
-6,166,248
143,21,304
149,-85,305
84,-212,274
86,-242,251
59,-245,251
251,-154,302
-80,-179,270
-223,-202,101
-249,-195,9
-197,-198,-158
-153,-189,-216
28,-137,-305
97,-118,-310
170,-56,-300
182,-19,-295
199,4,-281
184,28,-287
241,26,-249
245,3,-250
258,-5,-235
235,51,-247
257,54,-223
247,-50,-242
195,-88,-285
182,-152,-273
144,-220,-250
10,-219,-283
-63,-229,-258
-72,-255,-227
-40,-280,-215
-61,-273,-218
-114,-265,-200
-247,-207,-99
-306,-109,-13
-218,139,120
-131,216,103
24,269,35
66,267,-5
148,241,-72
234,163,-149
244,144,-161
243,133,-178
247,144,-166
240,186,-95
258,183,-4
282,109,136
293,103,120
308,123,26
244,169,-121
237,128,-196
163,97,-278
162,107,-271
265,170,24
279,88,151
277,-1,201
248,187,33
178,231,-64
84,147,-268
65,128,-285
8,256,-109
-30,260,74
-12,53,310
41,-108,322
23,-15,326
-79,252,21
-74,222,-154
-5,9,-336
-29,-14,-332
-112,157,-214
-181,197,-56
-126,110,238
-45,-98,316
-53,-136,303
-155,82,238
-224,149,53
-196,82,-204
-191,78,-214
-199,150,-126
-183,185,87
-108,-46,303
-38,-204,275
-20,-164,298
147,86,264
235,155,126
285,102,-131
283,65,-185
300,65,-146
316,98,-38
237,-33,240
195,-205,216
205,-183,224
292,82,125
302,120,47
300,89,-128
295,19,-191
277,-93,-221
291,4,-198
304,105,-98
254,-2,221
234,-94,239
224,-135,232
243,-44,229
340,-9,56
346,-92,-58
324,-104,-136
353,-29,-1
327,-86,120
144,-153,283
45,-160,305
-191,-117,237
-221,-130,201
-260,-156,121
-241,-217,95
-236,-233,64
-231,-246,1
-216,-265,-7
-207,-263,-73
-156,-211,-224
144,29,-302
206,41,-267
61,-71,-334
-217,-236,-109
-235,-213,101
-109,-60,297
-71,7,311
-175,-202,211
-229,-253,22
-24,-141,-325
154,-30,-317
276,75,-190
229,16,-267
74,-124,-333
-210,-272,-21
-193,-209,182
-45,32,312
-2,134,267
-4,200,208
-88,-8,308
-155,-159,256
-195,-275,-99
-72,-222,-268
246,4,-251
282,110,-140
229,199,33
205,218,27
279,128,-121
114,-95,-328
-51,-156,-311
-260,-68,-159
-297,-20,-39
-235,27,183
-157,43,256
40,45,315
85,-13,322
83,-94,320
94,-124,308
87,-146,300
191,-252,171
229,-291,-18
107,-268,-235
42,-260,-255
33,-320,-181
31,-348,-120
28,-363,-42
55,-261,239
59,-163,297
180,31,267
199,87,231
190,150,184
179,161,179
221,145,157
221,123,181
227,144,152
119,247,-64
22,218,-189
-163,63,-257
-227,-24,-216
-270,-94,-153
-226,-111,-204
-199,-138,-227
-56,-184,-289
14,-208,-289
103,-183,-295
148,-86,-305
134,141,-246
67,242,-136
-137,224,35
-287,27,60
-290,-88,67
-185,-260,105
-117,-288,142
-108,-307,108
-133,-307,49
-185,-273,-30
-181,-254,-106
-116,-203,-238
-61,-108,-306
-58,-79,-314
-36,41,-304
-23,71,-298
126,207,-162
197,220,-36
168,181,173
25,168,243
-79,152,230
-246,72,124
-268,83,21
-190,10,-243
-83,-91,-312
64,-214,-290
108,-239,-259
153,-268,-204
133,-282,-192
99,-288,-200
62,-300,-188
53,-311,-178
21,-296,-200
-9,-297,-191
-45,-324,-142
33,-350,-82
77,-351,-45
133,-326,97
141,-292,162
43,-145,305
-14,-53,316
33,-164,298
77,-263,228
126,-336,-38
66,-224,-274
44,-129,-328
56,9,-338
68,-20,-338
95,-300,-195
60,-362,-2
-72,-150,297
-101,-57,303
-52,-124,307
124,-338,-37
127,-240,-247
94,-89,-331
100,-75,-334
172,-214,-244
212,-291,-65
105,-199,264
4,-99,317
34,-116,314
262,-209,114
315,-159,-85
196,35,-282
160,53,-295
203,18,-280
288,-9,-197
286,-99,163
109,-95,307
111,-98,305
286,-143,141
336,-82,-54
232,134,-191
157,188,-202
226,158,-175
251,137,-164
284,112,-131
327,67,-70
339,25,-55
328,-100,-102
314,-109,-139
238,-179,-213
208,-229,-200
242,-238,-128
265,-221,-103
273,-182,-150
263,-3,-225
247,130,-176
78,225,183
4,166,255
-79,118,276
-123,112,260
-223,-5,226
-229,-41,229
-196,30,242
-31,277,-10
83,243,-154
243,62,-235
265,20,-224
217,152,-195
158,249,-41
64,163,257
-63,14,318
-80,-27,317
-92,-38,317
-98,-37,313
-96,-30,313
-85,-34,317
-2,-122,322
58,-190,288
146,-296,143
92,-315,-161
33,-204,-290
9,-135,-317
5,-221,-274
19,-350,59
49,-248,246
53,-57,333
131,-134,293
195,-251,166
187,-286,-129
212,-233,-192
239,-205,-184
235,-271,-80
177,-196,238
171,-71,292
184,82,263
289,-101,180
271,-200,124
290,-217,-48
312,-178,-73
323,-160,-58
302,-202,-62
177,-313,55
95,-205,271
77,-136,311
39,-21,333
-3,-4,333
-18,0,335
-34,-2,331
-43,-1,329
-55,2,329
-82,122,280
-41,281,20
14,244,-170
144,2,-315
215,-57,-282
285,-42,-202
285,5,-207
141,227,-155
70,284,-16
31,221,210
45,195,233
77,239,166
159,236,-132
184,167,-213
181,144,-237
162,186,-205
111,257,-123
71,281,-68
53,282,-78
75,273,-97
75,261,-125
51,250,-165
49,186,-250
70,-50,-342
67,-150,-321
33,-180,-311
22,153,-279
11,274,-106
78,170,254
66,159,263
12,241,174
-36,278,-48
-19,10,-340
2,-116,-338
-8,-203,-300
-26,48,-325
-25,199,-229
19,280,82
64,188,235
130,31,301
131,48,296
28,276,72
-5,111,-300
9,4,-337
30,-186,-305
4,-257,-254
-83,-190,-287
-61,29,-320
3,278,-44
80,251,133
294,-23,167
323,51,79
286,142,60
126,256,90
23,251,149
-182,95,227
-249,10,187
-307,-18,-41
-241,38,-185
-29,119,-287
150,225,-147
221,219,5
253,45,211
222,-82,243
209,-224,171
252,-218,114
302,-51,150
162,102,258
34,142,274
-152,188,158
-218,163,81
-285,67,47
-284,9,121
-97,-119,298
-13,-113,315
123,-94,298
233,-112,220
253,-95,198
261,-202,119
239,-255,70
223,-235,147
236,-119,224
221,180,134
176,242,-56
173,209,-158
149,56,-302
125,2,-324
105,-33,-334
106,-69,-331
155,-167,-286
195,-224,-224
293,-186,90
291,-69,176
272,-51,203
245,-121,221
224,-158,221
156,-215,236
113,-274,201
32,-364,9
-41,-273,-236
-34,-178,-303
-32,73,-307
-35,128,-274
-35,139,-265
-36,132,-273
22,70,-311
12,8,-331
34,40,-321
71,57,-313
50,41,-320
36,37,-319
24,42,-322
40,58,-317
58,86,-303
113,104,-283
129,86,-285
138,35,-302
165,14,-297
194,35,-275
251,150,-121
256,172,-49
218,194,81
197,183,130
74,81,291
-1,-116,306
2,-181,279
1,-216,255
-22,-226,248
-67,-239,224
-62,-263,201
61,-260,213
143,-246,191
276,-211,56
330,-126,-40
329,-81,-107
306,7,-166
296,44,-168
260,150,-119
226,192,-100
144,255,-23
47,252,126
58,208,197
86,102,282
100,47,301
209,-149,236
241,-239,116
247,-265,25
284,-218,43
315,2,125
168,152,204
62,145,252
-189,122,162
-218,152,33
-71,216,-155
-7,194,-220
97,176,-228
128,194,-200
206,213,-76
243,120,177
209,-8,267
136,-247,223
145,-308,131
164,-302,123
158,-293,142
132,-212,243
116,-124,293
120,-72,305
90,205,180
44,265,35
101,260,-62
131,236,-123
242,161,-140
278,139,-122
248,120,176
40,155,258
-27,147,261
-134,132,223
-153,140,199
-101,180,196
-85,191,193
-82,200,184
-62,205,177
-62,226,148
-108,248,-34
-131,212,-137
-149,14,-285
-152,-135,-272
-143,-291,-130
-132,-300,-117
-119,-239,-224
-64,61,-304
-55,186,-220
19,255,104
47,204,203
65,84,294
61,56,304
55,-1,322
45,-19,325
44,-163,302
27,-366,59
-2,-363,-90
-109,-250,-229
-110,-231,-245
-133,-185,-259
-115,-188,-269
-93,-189,-277
-86,-184,-287
0,-119,-326
81,-60,-330
71,-109,-327
18,-188,-303
31,-191,-302
58,-162,-313
135,-132,-308
190,-43,-294
179,-79,-300
185,-71,-301
259,-27,-243
333,-24,-120
307,-36,155
231,-38,246
-10,-66,316
-133,-91,271
-175,-127,231
-179,-121,231
-96,-89,290
222,-52,245
291,-57,173
318,-129,-125
246,-174,-211
183,-203,-244
69,-284,-226
11,-312,-194
54,-331,-162
50,-333,-153
81,-300,-201
115,-270,-232
278,-203,-161
340,-127,65
283,-93,194
66,-60,318
-22,-64,316
-119,-63,285
-110,-59,291
-123,-84,279
-144,-85,266
-185,-130,219
-242,-207,29
-231,-189,-115
-62,-131,-303
76,-101,-325
281,-7,-217
305,27,-164
327,77,-71
322,89,-37
307,122,-39
296,126,-67
289,128,-77
305,103,-99
305,108,-92
286,121,-134
225,181,-131
167,247,-1
147,189,210
111,131,278
-46,-67,326
-101,-130,293
-91,-149,284
-81,-140,292
-75,-134,296
-84,-139,294
-81,-197,263
-42,-265,208
-57,-299,144
-64,-330,-14
-48,-310,-121
92,-146,-289
169,-65,-281
197,3,-269
105,-180,-271
28,-282,-175
-82,-302,111
-94,-233,221
-91,-136,295
-49,-109,316
-35,-24,332
34,75,316
159,240,134
203,223,-99
227,142,-175
255,88,-182
262,96,-178
261,93,-177
259,111,-169
216,184,-139
223,186,-139
202,214,-121
174,256,-68
117,291,-30
-91,298,39
-112,288,21
-102,287,-17
-80,292,-42
-25,295,-55
-23,273,-113
-29,263,-136
-62,249,-147
-72,243,-148
-72,236,-153
-80,226,-161
-52,181,-236
-52,162,-249
-89,155,-244
-243,123,-129
-273,50,-122
-193,-121,-214
-110,-112,-273
51,-2,-310
79,70,-292
135,115,-255
174,51,-254
209,-9,-231
202,-117,-206
180,-160,-196
127,-190,-211
87,-171,-243
-73,-62,-284
-234,106,-142
-247,173,-23
-191,202,170
-170,165,240
-184,-1,288
-220,-103,235
-227,-227,16
-169,-240,-129
6,-203,-243
159,-118,-244
179,-75,-247
199,-52,-239
193,-49,-244
155,-52,-270
142,-67,-278
129,-104,-280
135,-99,-278
125,-96,-283
87,-143,-283
67,-165,-279
64,-180,-273
55,-226,-253
39,-240,-234
25,-230,-247
17,-216,-258
4,-231,-249
2,-239,-238
-7,-241,-240
-2,-245,-237
-16,-242,-242
-23,-244,-242
-40,-239,-243
-36,-243,-245
-46,-241,-238
-2,-213,-272
22,-227,-266
-3,-325,-139
12,-351,-20
-15,-223,249
-47,-114,300
-90,92,267
-130,172,174
-134,212,97
-157,211,-36
-148,217,-44
-171,192,-86
-163,194,-90
-146,215,-61
-142,215,-66
-120,227,-61
-93,203,-161
-88,161,-222
-71,38,-304
-74,-18,-311
-141,-89,-276
-156,-125,-255
-164,-165,-225
-196,-200,-148
-209,-213,-116
-207,-197,-138
-207,-182,-153
-80,-160,-276
33,-158,-301
234,-161,-227
300,-155,-144
341,-130,12
320,-75,138
290,-38,193
234,73,213
222,130,180
168,237,-33
89,220,-174
-109,31,-294
-177,-63,-262
-230,-179,-149
-203,-236,-118
-200,-231,-134
-162,-254,-155
-113,-285,-164
-28,-279,-225
43,-259,-245
87,-247,-249
220,-190,-230
287,-154,-176
324,-100,126
232,-89,245
-29,-73,307
-135,-91,263
-188,-126,208
-164,-139,220
-102,-139,262
305,-41,153
353,-9,-9
171,-80,-308
110,-140,-314
97,-276,-219
105,-317,-148
151,-325,36
81,-264,212
39,-225,253
29,-184,281
75,-191,271
224,-163,218
308,-129,125
291,-121,-188
208,-225,-208
231,-264,-116
163,-271,171
81,-229,245
-7,-186,275
-9,-193,271
165,-281,147
228,-285,-6
149,-263,-203
96,-266,-230
178,-273,-175
286,-195,116
227,-123,239
9,-6,322
-29,12,316
168,-48,291
311,-79,156
284,-218,-113
111,-223,-273
148,-202,-271
333,-164,-7
283,-89,202
33,27,320
35,-18,327
162,-172,266
192,-203,229
294,-229,-47
191,-172,-269
91,-129,-325
-9,-125,-333
15,-115,-336
124,-63,-331
180,-7,-304
291,109,-154
313,126,-64
251,167,131
101,201,204
69,212,199
271,126,151
356,25,47
329,-198,-40
231,-276,-139
12,-279,-240
-53,-279,-227
-116,-258,-218
-177,-218,-204
-215,-178,-188
-263,-149,-120
-288,-87,-81
-284,23,-65
-276,55,-57
-273,72,-36
-291,-43,-82
-276,-124,-108
-136,-292,-147
-26,-332,-163
122,-286,-228
210,-235,-230
290,-95,-230
295,-52,-228
314,14,-194
295,125,-140
247,190,-94
198,233,-57
170,248,-59
96,271,-63
74,273,-71
-17,272,-68
-115,238,-101
-221,146,-108
-286,0,-118
-281,-74,-124
-255,-173,-123
-249,-191,-120
-286,-113,-94
-294,-21,-84
-144,227,-79
9,279,-75
191,241,-71
335,96,-55
362,-11,-71
348,-115,-90
343,-127,-88
343,-154,-45
330,-182,-26
281,-242,70
269,-208,145
191,-107,276
55,27,317
-31,83,294
-154,139,201
-182,155,155
-180,184,97
-152,221,43
-45,252,-122
77,176,-247
136,123,-278
274,7,-232
331,-66,-161
316,-212,-15
293,-243,25
230,-276,124
192,-273,166
57,-236,257
-79,-192,271
-141,-186,242
-215,-192,154
-214,-206,136
-192,-237,133
-204,-232,119
-196,-250,100
-176,-285,48
-150,-256,-167
-57,-119,-314
5,-70,-333
176,-18,-303
224,-22,-275
138,-91,-319
27,-171,-313
-183,-260,-110
-166,-205,204
-123,-144,274
-47,-142,303
-42,-118,312
-29,-83,320
0,-61,324
127,84,282
195,158,194
234,169,-148
185,72,-279
165,13,-304
139,-87,-318
146,-124,-306
152,-180,-277
141,-193,-272
101,-230,-263
-45,-246,-253
-143,-252,-192
-245,-232,18
-226,-200,150
-78,-67,320
0,-71,333
119,-114,312
151,-151,286
211,-266,140
184,-316,-86
163,-276,-194
178,-54,-306
190,87,-266
238,175,-141
292,120,-130
316,-99,-186
254,-253,-149
-16,-363,46
-206,-269,-9
-218,-234,-97
-75,-198,-277
49,-191,-301
261,-194,-197
314,-176,-124
362,-10,-64
299,136,-65
275,143,-114
257,88,-208
220,42,-260
8,-73,-332
-143,-116,-275
-278,-140,-61
-274,-150,50
-210,-155,197
-66,-113,307
-2,-108,323
97,-131,312
148,-172,278
162,-292,165
146,-351,55
175,-320,-149
210,-273,-198
266,-122,-249
248,-116,-268
201,-160,-283
85,-246,-276
-16,-305,-210
-188,-264,-101
-216,-197,-144
-120,-101,-284
109,-66,-326
205,-60,-289
286,-56,-219
297,-50,-200
309,-7,-178
293,28,-188
220,107,-226
196,189,-158
50,274,31
-61,198,186
-88,127,248
-9,15,314
122,42,299
164,202,127
140,239,46
144,211,-144
175,149,-217
296,14,-200
325,13,-162
320,5,-172
319,26,-171
326,5,-167
331,-25,-162
342,-32,-138
358,-76,-101
290,-240,86
193,-282,159
89,-295,204
42,-293,211
-78,-283,184
-90,-286,164
-119,-270,165
-97,-270,177
-26,-275,210
24,-201,277
14,-113,313
-3,99,279
3,182,211
106,250,62
170,234,-33
278,101,-166
304,-39,-202
333,-90,-145
344,-177,21
310,-208,103
259,-216,173
232,-229,192
215,-237,202
185,-249,213
190,-236,215
169,-193,260
140,-130,300
56,22,324
35,71,306
4,124,278
-10,145,261
-11,170,238
-18,167,232
-38,182,208
-137,204,80
-157,201,-1
-141,52,-257
-63,-57,-319
-17,-98,-322
-54,-81,-317
-158,-7,-262
-13,34,-79
-279,24,-23
-280,-55,77
-264,-114,122
-217,-195,148
-181,-247,131
-54,-344,35
18,-357,10
113,-348,8
173,-329,33
157,-331,39
-3,-351,45
-104,-321,47
-251,-199,22
-288,-113,5
-267,86,14
-220,162,15
-64,269,36
125,268,77
201,233,87
285,171,81
284,171,84
165,218,163
46,227,195
-133,205,136
-249,127,-31
-250,80,-114
-229,-105,-190
-178,-205,-186
-51,-312,-150
25,-337,-106
119,-334,-73
140,-325,-79
110,-322,-112
-37,-310,-134
-112,-270,-159
-244,-80,-164
-265,21,-105
-227,147,57
-165,170,154
41,172,259
174,128,256
154,132,266
-22,133,280
-131,122,239
-251,91,104
-274,80,30
-234,75,-155
-173,56,-239
2,13,-325
163,-124,-295
189,-173,-259
248,-182,-202
250,-186,-189
165,-188,-255
87,-178,-287
-70,-165,-282
-155,-134,-243
-245,-110,-144
-270,-137,-28
-233,-191,84
-153,-266,140
-122,-295,110
-99,-324,6
-71,-327,-75
35,-280,-213
124,-181,-285
151,-97,-308
156,8,-308
135,36,-307
83,100,-295
47,124,-281
28,147,-268
26,146,-270
5,119,-289
-112,65,-272
-188,39,-227
-282,-1,-63
-292,-33,18
-212,-199,134
-115,-284,134
-12,-343,28
94,-309,-139
139,-273,-184
144,-196,-255
141,-157,-280
100,-105,-310
106,-90,-311
109,-70,-314
96,-58,-320
91,-37,-324
64,-26,-324
41,-22,-323
-35,-22,-314
-19,-29,-316
-73,-7,-299
-68,-4,-301
-17,2,-309
-5,19,-308
17,28,-313
95,126,-262
119,164,-222
206,222,-11
254,187,36
330,67,74
350,-21,83
308,-179,109
247,-241,133
261,-231,120
331,-118,108
339,24,96
244,200,13
203,221,-80
183,225,-103
208,230,-4
244,132,179
282,-16,208
294,-95,185
265,-222,123
251,-248,99
234,-278,56
242,-276,12
286,-221,-66
287,-210,-82
282,-186,-135
279,-176,-151
287,-174,-145
285,-176,-139
286,-167,-163
273,-155,-188
286,-166,-170
315,-183,-74
320,-186,-3
318,-192,-46
272,-100,-218
232,-37,-262
157,69,-284
142,88,-280
206,-10,-278
241,-113,-245
244,-267,-85
318,-182,28
338,-92,91
273,73,183
214,98,222
166,14,290
143,-10,300
189,129,217
240,195,17
196,64,-264
169,6,-292
238,110,-199
177,43,272
132,-52,307
123,-158,288
127,-172,278
169,-56,292
280,162,21
253,114,-184
164,-42,-302
248,24,-241
283,-2,203
213,-83,266
179,-181,248
201,-150,249
336,55,54
198,-51,-285
119,-138,-300
201,-87,-275
338,3,-107
300,-70,179
240,-146,217
215,-198,202
321,-62,136
338,17,66
236,178,80
189,211,92
135,228,111
178,177,170
299,3,173
329,-59,123
324,-143,90
341,-95,77
341,-2,75
236,178,83
206,193,104
134,201,163
102,201,177
17,204,183
-54,199,164
-77,193,153
-63,190,168
-72,173,191
-88,121,232
-92,111,235
-124,120,207
-160,101,188
-226,54,119
-256,23,67
-256,15,62
-259,10,76
-240,51,100
-130,171,137
-82,212,113
-53,238,42
-55,240,-46
-8,141,-249
19,-47,-321
27,-84,-318
36,-128,-307
45,-158,-297
10,-213,-264
0,-231,-251
-4,-247,-237
-11,-273,-210
-17,-288,-184
-68,-327,34
-3,-307,153
113,-187,265
128,-93,300
82,53,292
55,76,280
46,-37,313
55,-258,220
6,-320,134
-41,-327,-107
-34,-289,-191
-55,-176,-280
-101,-98,-294
-197,92,-181
-211,143,75
-171,112,194
-82,16,297
-39,-24,316
17,-76,318
-8,-82,311
-57,-126,290
-59,-164,277
-48,-220,243
12,-271,212
55,-286,188
171,-311,79
208,-304,14
182,-307,-117
158,-285,-177
18,-173,-307
19,-112,-327
35,-76,-334
3,-114,-324
-12,-141,-314
-15,-40,-325
-10,29,-312
-54,105,-270
-66,134,-242
-73,166,-211
-72,132,-244
-63,128,-251
-45,153,-236
-72,201,-160
-117,196,126
-132,125,209
-191,28,220
-214,20,194
-228,113,78
-235,111,-38
-221,85,-135
-147,-84,-271
-115,-157,-269
-47,-189,-289
-14,-211,-279
14,-232,-266
27,-99,-324
66,55,-305
148,247,-15
137,207,167
-25,104,286
-143,74,246
-282,-13,45
-277,-65,-85
-43,-204,-278
185,-200,-259
216,-132,-271
290,-5,-221
321,-16,-180
308,-69,-203
270,-109,-240
128,-107,-318
20,-30,-331
-43,99,-276
2,256,-2
7,236,124
-70,189,168
-133,205,75
-103,176,-177
-87,151,-216
-65,100,-270
-55,62,-287
-50,42,-299
-62,-27,-313
-80,-132,-291
-79,-231,-241
-60,-185,-283
71,176,-235
104,259,-40
120,176,215
100,-105,318
112,-181,283
220,-223,184
254,-231,124
320,-180,8
346,-51,-79
211,158,-185
112,210,-191
-92,205,-166
-245,67,-130
-263,-36,-134
-176,-213,-161
-142,-277,-110
-107,-304,-63
-49,-318,-87
104,-268,-193
152,-172,-260
185,125,-226
214,217,-23
275,165,68
351,-27,75
338,-125,35
232,-253,-113
187,-224,-205
99,11,-308
-44,100,-273
-122,77,-252
-239,28,-158
-245,-39,-164
-157,-220,-175
-83,-246,-205
4,-164,-292
28,16,-319
24,248,-144
-8,271,85
-19,225,191
-20,90,309
-10,62,318
-25,214,210
-29,265,115
-37,270,-78
-48,232,-167
-62,68,-302
-73,-86,-310
-90,-161,-277
-167,-188,-212
-191,-163,-197
-196,-139,-203
-170,-148,-221
-144,-98,-262
-137,46,-261
-138,110,-231
-87,234,-124
-49,267,-61
-82,259,20
-106,246,65
-225,153,67
-275,75,32
-280,-115,-63
-171,-258,-115
-105,-296,-114
-6,-297,-171
36,-265,-214
106,-208,-256
132,-191,-257
197,-166,-237
238,-97,-233
255,-39,-227
258,107,-173
219,189,-117
67,272,51
-19,255,123
-165,175,150
-245,130,-40
-231,64,-162
-174,-52,-252
-126,-125,-270
-62,-246,-220
3,-282,-202
33,-311,-152
36,-296,-177
40,-294,-181
67,-311,-151
110,-325,-91
120,-329,70
109,-284,175
43,-120,318
13,-9,329
5,107,296
18,155,268
33,195,228
34,242,149
-30,269,-13
-125,143,-217
-146,-6,-274
-91,-266,-182
-65,-299,-135
-48,-294,-152
-60,-94,-303
-103,88,-266
-25,272,77
79,213,211
228,64,253
236,106,223
140,276,29
61,258,-147
-65,44,-301
-112,-82,-290
-121,-42,-287
-183,147,-157
-224,134,-103
-256,98,-55
-275,50,-50
-297,-71,17
-245,-166,129
-204,-204,155
-68,-248,226
-16,-245,242
-92,-250,208
-225,-222,54
-79,-88,-298
47,-56,-318
124,44,-303
152,111,-269
157,126,-255
195,126,-235
201,118,-234
201,90,-248
214,28,-268
311,-94,-183
355,-95,-85
356,-105,65
300,-130,179
261,-134,221
134,-161,289
31,-146,309
-70,-114,299
-92,-110,297
-104,-100,290
-4,-131,314
96,-161,295
228,-186,218
262,-191,180
311,-199,73
319,-200,27
311,-211,-23
306,-213,-50
287,-222,-111
241,-235,-160
226,-237,-180
189,-231,-216
166,-232,-238
124,-235,-253
83,-228,-270
44,-190,-298
17,-171,-306
-25,-141,-313
-79,-104,-307
-96,-83,-301
-128,-66,-284
-146,-49,-274
-204,-32,-217
-241,-24,-168
-282,-25,-60
-284,-8,-38
-287,-8,-3
-277,-6,73
-262,-23,124
-223,-69,199
-191,-87,235
-137,-132,268
-98,-164,273
-27,-215,272
33,-242,259
51,-253,249
73,-271,225
94,-270,219
152,-244,219
168,-219,232
190,-170,250
213,-154,242
248,-132,229
273,-109,216
292,-89,202
340,-11,143
349,15,113
345,100,-13
325,124,-82
279,128,-173
246,100,-223
246,94,-230
331,90,-109
360,65,-15
352,35,88
342,20,130
299,-3,203
274,-11,234
220,-65,277
91,-33,331
-18,10,327
-232,55,170
-274,49,53
-278,37,1
-273,49,-7
-266,78,2
-258,89,10
-263,77,-48
-241,13,-156
-236,7,-170
-137,-60,-269
-98,-41,-291
-60,-13,-304
-50,1,-307
17,-39,-320
101,-97,-303
179,-153,-253
233,-209,-158
251,-192,-143
258,-119,-209
87,-74,-313
-252,-80,-134
-287,-83,-1
-217,-164,165
-134,-288,97
-68,-332,-24
73,-286,-187
96,-202,-268
72,-22,-327
25,14,-323
-12,-10,-319
-117,16,-275
-235,50,-146
-266,-37,114
-227,-107,167
-240,-112,-143
-91,-150,-268
24,-212,-260
21,-242,-222
-2,-273,-162
-21,-289,-110
-28,-277,-133
-112,-222,-160
-79,-235,-170
-166,-194,-131
-227,-165,-10
-132,-235,141
-101,-260,135
-101,-279,84
-189,-221,34
-230,-171,12
-267,-46,1
-262,11,-35
-182,64,-190
-109,41,-266
-16,-60,-313
-12,-162,-285
1,-216,-255
-4,-222,-245
-31,-218,-244
-73,-195,-247
-41,-173,-273
-186,-66,-221
-249,-72,-125
-249,-131,-78
-141,-123,-243
-96,-146,-256
-45,-172,-254
-43,-195,-237
49,-269,-184
119,-270,-168
254,-255,17
285,-214,63
287,-213,20
118,-322,-15
-27,-323,2
-195,-201,116
-214,-129,163
-138,75,244
-83,181,195
67,271,-42
195,157,-198
187,101,-251
172,100,-254
207,53,-257
331,39,-113
327,102,2
168,247,-7
162,208,-149
60,-79,-313
-98,-241,-170
-180,-205,-97
-181,-207,-65
-125,-257,-58
-136,-240,-97
-148,-172,-179
-132,-8,-232
-115,41,-232
-101,9,-248
-100,-79,-251
-89,-97,-256
-45,-121,-272
-29,-145,-259
60,-234,-209
92,-278,-143
23,-314,-47
7,-323,-47
14,-322,-56
25,-290,-141
39,-242,-211
-124,-96,-228
-158,-29,-203
-210,0,-120
-236,22,-49
-230,39,79
-231,40,68
-231,39,60
-242,25,34
-244,13,22
-248,-7,0
-250,-5,4
-242,19,-15
-232,24,-49
-224,-8,-109
-198,-69,-157
-174,-112,-175
-169,-155,-164
-178,-161,-160
-200,-136,-152
-204,-125,-164
-189,-92,-203
-196,-68,-199
-196,-25,-203
-192,14,-190
-194,63,-166
-111,188,-113
-41,220,-116
97,225,-135
160,199,-143
253,126,-161
313,20,-155
321,-47,-152
265,-196,-155
225,-241,-145
184,-276,-134
185,-271,-132
302,-132,-155
336,-2,-118
248,182,73
83,161,244
-13,118,270
-207,43,183
-252,1,98
-241,-125,-98
-176,-210,-139
-44,-314,-83
87,-318,59
125,-290,126
153,-248,159
145,-279,105
79,-309,-70
46,-296,-125
-73,-237,-194
-157,-186,-189
-268,2,-91
-197,187,-8
-155,223,0
-59,270,-44
-2,263,-94
123,223,-159
136,209,-173
209,105,-224
235,18,-241
272,-45,-203
264,72,-189
186,189,-172
-126,221,-86
-171,204,-1
-155,213,45
-97,240,73
11,270,73
30,282,23
41,280,-3
66,262,-83
67,261,-77
73,271,-36
82,279,16
109,215,205
134,137,273
228,-16,282
265,-175,188
249,-238,131
214,-294,15
164,-315,-41
49,-339,-22
29,-336,12
76,-315,-70
97,-283,-139
170,-183,-213
270,-46,-191
285,27,-165
312,94,-79
323,87,-34
342,41,12
341,50,10
341,63,2
325,104,-57
322,105,-82
284,162,-93
270,181,-93
177,238,-109
149,233,-141
95,171,-241
97,112,-278
91,6,-306
66,50,-298
19,101,-279
-124,171,-176
-179,165,-109
-251,102,58
-263,43,113
-186,-63,255
-122,-85,294
-2,-32,338
159,102,275
208,140,215
288,149,88
305,143,21
336,39,-97
335,-23,-132
285,-203,-112
189,-303,-11
142,-318,21
41,-336,19
-11,-332,1
-67,-294,-116
-32,-256,-204
106,-180,-269
154,-161,-260
213,-143,-229
246,-127,-214
261,-69,-212
257,36,-205
241,61,-219
212,106,-222
208,55,-255
199,-109,-270
205,-226,-190
239,-244,-126
277,-226,-32
293,-207,-25
318,-136,-67
327,-85,-96
282,14,-185
232,72,-215
48,227,-158
-83,240,80
-103,177,202
-59,22,311
-5,-71,327
98,-198,270
133,-224,236
169,-259,175
219,-252,143
244,-274,50
256,-274,-33
230,-278,-100
138,-237,-234
89,-192,-279
56,-119,-308
76,-113,-311
58,-63,-321
28,-43,-317
-8,-26,-310
-11,-34,-310
-22,-19,-305
-40,-30,-297
-47,-25,-296
-48,-5,-295
-51,-2,-292
-5,57,-285
76,214,-143
106,242,26
72,73,289
61,-58,324
100,-292,219
141,-332,139
272,-260,107
328,-152,126
326,78,33
188,190,-130
87,178,-210
-64,120,-239
-110,60,-249
-131,7,-257
-117,15,-262
-64,127,-228
-33,231,-56
-44,219,83
28,167,217
100,127,250
231,-27,253
270,-155,194
289,-245,-39
274,-206,-155
145,-62,-304
6,82,-280
-39,103,-259
-72,35,-283
-32,4,-306
164,-113,-289
237,-175,-214
230,-277,-58
169,-315,-29
59,-338,-8
-40,-322,5
-68,-311,16
-84,-280,82
-93,-262,110
-102,-231,138
-114,-234,131
-139,-256,-1
-152,-155,-192
-139,-54,-239
-85,176,-157
-54,223,-93
46,252,-38
97,243,45
159,188,150
185,159,172
227,158,119
220,186,90
233,182,62
271,153,44
309,95,70
353,-31,68
358,-32,46
363,-35,-50
354,1,-76
309,103,-97
287,152,-11
282,163,12
250,182,-44
213,201,-97
96,152,-247
18,127,-274
-170,42,-231
-177,-32,-242
-35,-235,-252
111,-343,6
146,-271,182
59,-58,323
3,9,320
3,116,275
55,133,263
201,121,217
271,156,64
251,180,33
171,222,98
168,180,180
245,-45,248
289,-156,169
239,-289,-12
223,-288,-66
116,-322,-131
-63,-330,-43
-73,-332,27
80,-267,209
174,-223,208
256,-146,203
277,-84,203
271,-23,216
246,-46,235
185,-180,233
77,-324,110
71,-339,60
96,-337,-15
108,-330,-28
119,-300,-128
144,-272,-164
204,-220,-183
233,-180,-195
231,-140,-218
230,-128,-227
237,-129,-222
264,-100,-209
274,-89,-200
285,-77,-195
294,-73,-187
348,-48,-80
340,-54,114
29,-137,320
-188,-170,198
-226,-166,146
-257,-120,127
-242,-64,177
59,161,260
188,222,106
217,169,-157
239,125,-186
355,-6,-88
335,-170,49
296,-198,125
212,-108,273
179,-9,298
57,172,236
59,210,188
22,242,-124
-190,141,-124
-151,180,-126
54,220,-179
183,159,-207
284,-100,-219
220,-221,-212
26,-366,-20
-35,-348,97
-51,-288,216
105,-260,254
212,-222,236
336,-105,160
341,-92,148
367,-104,9
351,-154,-53
259,-252,-129
161,-290,-173
110,-293,-192
21,-287,-195
-26,-276,-206
-38,-251,-221
-33,-251,-226
-5,-254,-227
10,-255,-234
57,-241,-250
144,-201,-264
184,-165,-261
249,-93,-249
277,-57,-230
322,9,-171
336,41,-127
346,92,-3
302,108,136
268,89,213
182,-9,313
147,-56,331
79,-154,330
41,-189,316
-27,-216,293
-37,-166,317
-49,139,266
-49,249,-62
-61,181,-202
-118,15,-276
-136,-28,-269
-139,33,-251
-126,122,-206
-133,209,-14
-156,179,101
-213,63,178
-237,39,150
-237,78,112
-236,91,-74
-233,25,-144
-238,-149,-109
-243,-180,-33
-224,-210,45
-210,-236,7
-187,-243,-77
-139,-150,-232
-110,-52,-270
-47,167,-200
-30,209,-141
-8,235,-101
5,226,-129
28,3,-308
-4,-289,-191
-2,-350,-61
5,-302,178
17,-261,229
27,-181,283
26,-174,285
20,-299,181
47,-355,33
87,-240,-245
155,-17,-291
189,56,-255
229,124,-167
238,125,-157
244,-19,-240
234,-132,-238
242,-255,-126
260,-273,4
258,-259,60
264,-237,101
268,-234,84
256,-266,-33
250,-251,-107
257,-144,-209
270,-70,-217
288,34,-179
297,101,-91
300,116,-44
296,117,-49
297,86,-125
281,-85,-209
267,-162,-194
271,-247,-92
271,-267,-30
262,-260,61
269,-250,62
270,-260,39
273,-247,-76
279,-213,-132
299,-110,-181
307,-54,-176
327,40,-104
329,80,33
324,69,76
316,74,96
320,88,53
326,45,-108
324,-12,-156
306,-123,-172
298,-158,-167
288,-197,-154
264,-242,-132
258,-248,-129
243,-222,-185
249,-156,-227
280,18,-210
281,104,-147
277,164,-14
239,105,205
226,58,251
229,66,249
247,126,186
287,154,-19
303,103,-113
298,-100,-208
279,-183,-190
262,-273,-84
235,-303,-16
230,-309,-12
220,-302,-78
218,-280,-133
234,-180,-225
249,-109,-244
237,36,-245
207,156,-165
182,190,-130
144,200,-144
143,156,-211
113,1,-303
86,-105,-306
53,-285,-198
40,-329,-127
6,-354,12
-10,-321,133
-16,-294,179
-36,-297,163
-37,-329,92
-47,-324,-96
-24,-269,-201
0,-109,-299
10,-51,-310
11,67,-288
11,137,-240
19,163,-223
31,192,-191
35,174,-210
19,61,-295
-2,-25,-313
-11,-202,-273
-22,-266,-221
-48,-333,-89
-89,-331,39
-91,-311,106
-88,-265,194
-77,-256,206
-93,-315,106
-85,-334,-5
-87,-238,-217
-86,-41,-289
-86,40,-275
-74,164,-188
-71,202,-131
-72,229,-53
-80,226,-70
-97,99,-238
-107,-3,-277
-149,-178,-219
-185,-244,-97
-192,-255,-45
-211,-237,32
-214,-228,51
-225,-211,36
-228,-208,-13
-230,-151,-127
-214,-34,-182
-210,30,-177
-203,116,-99
-205,144,-31
-198,120,133
-201,94,161
-208,38,201
-200,46,201
-205,135,88
-204,128,-87
-203,79,-155
-204,-27,-205
-205,-66,-204
-205,-144,-173
-214,-161,-148
-219,-173,-128
-218,-164,-139
-211,-107,-180
-196,-15,-208
-188,51,-192
-178,130,-136
-177,150,-105
-172,181,-13
-179,173,55
-191,105,169
-188,76,198
-179,111,179
-164,180,85
-157,195,29
-141,189,-84
-128,175,-145
-123,76,-244
-123,15,-265
-125,-76,-274
-116,-91,-271
-110,-65,-275
-74,45,-280
-52,102,-258
-18,209,-162
-13,243,-81
-15,235,116
-15,205,181
-19,87,297
-16,-18,329
-12,-36,334
12,52,319
28,145,262
67,247,104
87,259,-21
120,180,-204
157,39,-290
155,-60,-309
166,-103,-294
179,-64,-293
209,107,-221
216,170,-154
187,229,20
170,217,124
118,132,269
125,19,325
129,-14,326
126,-46,334
120,-57,334
161,-101,317
178,-128,303
190,-174,281
167,-186,287
109,-242,277
29,-263,265
-5,-268,256
-77,-247,252
-89,-254,236
-30,-296,224
12,-277,248
88,-253,269
182,-169,290
213,-131,283
233,-76,285
218,-33,297
163,82,294
117,113,295
47,144,289
27,154,281
-13,179,254
-84,185,213
-129,178,189
-201,141,148
-234,101,134
-278,18,94
-285,-27,80
-282,-126,57
-256,-188,55
-248,-204,55
-257,-186,54
-268,-154,59
-289,-63,67
-291,-11,74
-261,88,74
-224,141,84
-120,228,99
1,268,103
72,267,110
256,177,130
315,85,143
322,-66,188
285,-142,209
172,-222,262
116,-226,281
46,-204,305
-7,-158,323
-39,-125,326
-101,-59,314
-134,-24,293
-160,57,249
-163,86,225
-149,147,181
-95,186,171
-72,198,169
-21,212,170
3,214,177
40,207,187
45,209,180
34,235,132
25,243,107
-46,239,87
-141,194,103
-167,157,134
-198,67,197
-198,17,227
-148,-63,282
-110,-90,305
-3,-122,333
127,-106,328
172,-78,314
243,4,259
257,44,237
251,129,175
244,168,135
184,233,52
136,253,17
35,263,-41
-74,235,-74
-127,207,-80
-216,129,-74
-251,82,-61
-288,-17,-26
-293,-68,1
-282,-114,49
-283,-124,55
-284,-106,57
-290,-56,34
-288,-19,16
-257,87,-23
-219,139,-36
-88,230,-51
-28,248,-52
101,257,-27
219,212,13
271,173,37
330,84,81
341,43,101
335,-46,162
315,-93,189
251,-160,241
201,-183,271
82,-204,306
-38,-111,328
-74,-49,321
-114,57,278
-130,86,252
-145,144,187
-154,162,152
-148,192,99
-147,199,81
-134,206,58
-120,217,41
-111,225,35
-100,231,22
-96,233,12
-103,232,1
-119,225,6
-144,210,35
-170,180,84
-177,161,115
-184,116,184
-175,97,217
-147,47,270
-125,25,291
-74,-5,327
-41,-16,338
27,-39,350
103,-48,345
140,-45,334
211,-36,299
248,-24,271
301,-7,211
318,11,182
346,36,107
354,57,71
336,99,-11
298,137,-77
270,157,-103
210,187,-144
181,195,-156
100,210,-176
55,215,-172
-42,215,-154
-124,200,-108
-155,193,-80
-197,171,-21
-206,161,9
-207,164,32
-197,171,15
-170,188,-45
-148,194,-80
-84,202,-146
-10,195,-191
33,192,-203
130,174,-209
169,163,-202
249,136,-164
278,127,-132
318,107,-75
332,95,-13
336,86,22
331,77,90
318,75,123
289,75,181
266,75,207
221,82,250
191,80,268
120,92,296
37,99,304
-8,104,297
-75,111,273
-106,115,253
-150,130,207
-172,132,180
-202,134,116
-215,133,83
-227,133,11
-220,126,-66
-214,117,-101
-190,105,-157
-175,92,-186
-142,71,-231
-120,55,-257
-65,29,-291
-29,15,-305
46,-11,-317
122,-29,-311
156,-35,-305
207,-34,-280
229,-33,-264
270,-27,-227
291,-18,-203
312,9,-169
321,15,-151
326,51,-119
327,81,-91
322,97,-77
301,143,-47
283,166,-33
233,211,-9
210,228,-2
166,250,-5
135,262,-8
130,260,-6
151,251,-16
171,248,-21
229,206,-46
259,179,-63
303,111,-104
314,72,-127
323,-1,-156
304,-60,-186
295,-88,-194
262,-132,-216
240,-150,-228
188,-187,-247
160,-201,-252
92,-225,-256
29,-231,-253
1,-230,-255
-57,-212,-248
-80,-198,-248
-128,-168,-237
-149,-148,-224
-188,-117,-207
-203,-90,-197
-210,-51,-187
-215,-8,-176
-217,13,-175
-206,52,-172
-195,73,-172
-172,110,-170
-150,131,-169
-121,151,-174
-102,159,-183
-64,176,-191
-16,186,-199
13,185,-206
59,182,-210
94,182,-210
157,164,-204
189,147,-200
259,95,-184
296,30,-171
314,-10,-161
323,-98,-147
313,-140,-136
281,-215,-118
259,-246,-109
204,-299,-86
175,-315,-80
92,-347,-51
11,-346,-35
-38,-344,-22
-108,-311,-30
-138,-296,-32
-174,-266,-52
-182,-251,-69
-202,-220,-98
-210,-177,-136
-213,-152,-153
-190,-105,-207
-177,-80,-228
-127,-56,-276
-86,-50,-297
-17,-40,-322
26,-41,-330
115,-58,-323
192,-96,-293
219,-119,-269
263,-174,-203
278,-198,-162
268,-254,-81
249,-277,-50
197,-312,24
124,-330,82
80,-334,105
-3,-320,125
-47,-311,130
-104,-279,136
-116,-275,131
-103,-281,133
-79,-294,139
-5,-314,140
76,-328,117
123,-328,91
218,-304,31
257,-276,2
307,-213,-68
319,-172,-103
302,-85,-185
271,-57,-229
203,-5,-280
76,37,-312
21,44,-311
-61,16,-300
-100,-17,-289
-156,-106,-246
-168,-144,-218
-172,-217,-152
-154,-272,-64
-130,-295,-34
-83,-319,25
-53,-325,41
40,-338,65
109,-325,65
207,-287,25
241,-265,11
286,-210,-44
297,-163,-106
297,-134,-137
281,-73,-187
266,-55,-209
249,-30,-229
243,-28,-234
244,-40,-239
279,-62,-198
300,-99,-168
316,-146,-87
312,-175,-45
274,-222,44
245,-245,79
156,-277,140
105,-289,154
14,-289,154
-71,-290,123
-105,-288,94
-161,-266,22
-183,-248,-15
-193,-219,-103
-179,-204,-142
-133,-181,-220
-105,-159,-252
-31,-136,-288
48,-132,-300
97,-141,-294
172,-145,-263
220,-158,-223
284,-168,-136
301,-181,-77
300,-182,38
276,-178,112
264,-176,131
277,-159,115
295,-158,64
293,-155,-89
262,-145,-160
161,-109,-263
96,-86,-290
-29,-85,-289
-112,-95,-255
-154,-97,-220
-210,-112,-146
-225,-131,-106
-220,-170,-56
-210,-192,-31
-179,-232,5
-165,-247,15
-156,-254,14
-174,-242,-9
-193,-216,-45
-192,-123,-166
-151,-93,-229
-64,-69,-288
-21,-75,-299
88,-39,-302
183,28,-253
201,51,-233
162,167,-147
135,205,-92
109,227,-1
101,230,40
14,231,72
-39,224,66
-100,205,-53
-99,139,-199
-57,130,-235
15,147,-237
-4,173,-209
-3,249,-71
19,262,13
102,208,181
146,167,215
247,73,219
338,-18,129
356,-40,77
366,-45,-6
360,-20,-40
345,14,-97
330,36,-112
325,80,-78
311,101,-65
318,105,-40
335,69,-38
341,54,-36
328,55,-109
287,56,-185
141,104,-271
32,89,-298
-49,76,-293
-36,57,-302
-48,69,-295
-110,109,-241
-110,128,-227
-136,200,-106
-144,203,-67
-183,173,-49
-237,113,27
-264,37,68
-246,-142,107
-210,-209,93
-113,-295,50
-69,-311,26
-66,-315,11
-96,-299,22
-167,-253,50
-210,-191,87
-214,-161,124
-179,-126,209
-145,-105,244
-80,16,286
-50,98,267
41,235,139
87,261,40
129,206,-172
150,64,-292
150,-6,-311
177,-119,-299
174,-135,-292
190,49,-277
190,166,-185
193,223,43
219,148,174
243,96,196
284,-1,186
298,-52,181
294,-155,147
269,-202,134
191,-283,122
133,-311,117
5,-327,102
-126,-288,67
-160,-268,15
-185,-231,-63
-191,-204,-84
-194,-179,-100
-189,-187,-100
-161,-225,-83
-83,-293,-55
-16,-318,-35
127,-308,25
174,-280,60
249,-197,115
263,-149,143
235,-72,211
212,-41,234
140,17,273
68,68,281
22,81,283
-81,56,273
-124,35,261
-188,-25,220
-209,-68,202
-209,-171,150
-198,-204,128
-149,-271,70
-78,-315,34
-31,-325,26
47,-329,21
87,-325,12
149,-305,-37
155,-293,-84
125,-284,-129
40,-299,-136
-1,-305,-115
-56,-314,-53
-77,-318,-18
-112,-304,54
-114,-299,75
-114,-289,121
-116,-277,149
-136,-217,217
-174,-124,246
-198,-74,240
-229,27,183
-251,62,132
-261,91,-18
-257,67,-97
-232,-23,-200
-191,-134,-231
-158,-189,-235
-79,-269,-222
-45,-251,-256
-12,-30,-332
7,68,-309
33,225,-161
40,261,-67
60,247,99
92,183,208
94,128,254
121,27,289
133,-17,289
147,-82,270
163,-101,257
184,-110,237
193,-116,225
228,-120,191
272,-129,120
284,-135,81
290,-161,21
287,-170,-3
280,-181,-34
279,-177,-29
295,-158,12
305,-110,68
300,-96,105
269,-49,182
246,-30,218
162,-25,281
109,-21,303
-23,-21,312
-95,-27,291
-204,-33,212
-255,-46,138
-263,-31,118
-260,5,119
-250,49,126
-154,182,122
-68,225,126
118,201,176
181,135,216
203,-59,277
83,-261,227
20,-307,172
-4,-344,29
24,-346,-40
146,-304,-84
219,-269,-44
272,-158,133
142,16,270
48,93,267
-35,245,43
-5,256,-51
69,230,-141
128,208,-167
249,147,-136
269,138,-99
279,151,-2
253,149,108
232,129,167
219,9,248
203,-65,260
182,-175,235
149,-211,223
87,-241,219
27,-240,234
-9,-232,235
-96,-162,259
-147,-89,251
-177,53,213
-164,106,189
-117,138,205
-89,114,242
-79,21,285
-82,-9,282
-67,-1,286
-2,91,270
38,153,233
87,254,40
88,243,-101
44,100,-291
0,-14,-328
-125,-163,-268
-213,-238,-101
-219,-263,-22
-190,-283,52
-170,-295,56
-153,-301,52
-174,-273,85
-178,-189,185
-151,-140,235
-133,-115,255
-81,-77,290
-56,-3,303
-18,210,179
-35,261,27
-120,126,-232
-160,4,-266
-180,-160,-228
-195,-225,-160
-209,-223,-143
-266,-125,-123
-286,-102,-76
-298,-77,66
-286,-61,115
-239,-17,197
-146,16,279
-88,20,308
-52,120,273
-44,209,181
-24,242,-144
-11,168,-248
-19,-12,-332
-53,-90,-323
-112,-186,-266
-148,-214,-219
-158,-196,-223
-124,-170,-268
-84,-181,-285
-44,-285,-213
-25,-337,-134
-35,-356,17
-78,-308,139
-95,-250,208
-19,-102,316
49,-36,329
127,23,309
126,35,306
86,124,280
64,181,235
18,276,10
-2,49,-317
-8,-127,-318
-8,-293,-208
-13,-331,-141
37,-365,22
94,-347,85
202,-291,116
198,-295,104
60,-346,61
-132,-297,67
-214,-212,73
-260,-3,92
-210,96,127
-24,184,211
82,186,214
18,228,181
-162,76,242
-188,-60,253
-88,-282,179
14,-341,104
179,-317,-2
250,-270,-33
297,-217,-59
304,-208,-62
226,-293,-22
83,-312,150
18,-243,254
-123,10,287
-155,129,210
-28,267,51
59,280,9
175,240,109
118,255,128
43,276,63
-128,222,-85
-185,144,-146
-215,-3,-209
-187,-60,-243
-86,-116,-304
-32,-98,-328
-46,-8,-322
-132,197,-137
-83,248,-68
52,252,-121
146,221,-159
292,105,-152
350,50,-61
336,5,134
286,46,201
176,111,253
102,240,119
134,254,19
221,196,-103
228,164,-150
94,176,-222
29,175,-230
-45,180,-208
-55,178,-208
14,205,-204
223,181,-146
308,136,-62
291,141,122
182,192,182
-198,176,79
-272,38,-86
-99,-219,-244
-27,-285,-211
-93,-249,-217
-175,-98,-241
-205,48,-193
-113,189,166
-6,44,318
133,-158,290
212,-167,244
323,-76,145
336,35,94
320,56,110
286,50,180
245,37,226
186,-10,275
159,-50,282
158,-138,257
160,-185,219
147,-211,201
100,-275,145
49,-282,134
-36,-269,149
-14,-260,179
137,-242,194
311,-152,98
347,-73,70
333,9,121
301,13,187
198,-54,286
154,-93,306
97,-178,291
61,-220,262
-33,-278,187
-146,-227,165
-189,-171,173
-220,-49,191
-215,35,193
-161,191,113
-126,237,14
-58,104,-280
-52,-31,-322
-8,-240,-259
-4,-310,-174
-12,-310,-173
-139,-225,-188
-239,-146,-99
-194,4,205
-89,54,272
158,53,271
250,64,209
267,102,170
294,148,30
304,127,-49
288,49,-186
260,3,-236
218,-95,-269
202,-104,-278
172,32,-290
113,190,-207
81,242,-137
43,274,18
39,264,78
44,207,204
46,172,242
59,79,290
60,11,305
60,-15,301
49,-58,292
27,-75,288
-19,-80,277
-32,-69,277
-28,-23,286
-12,9,295
42,86,290
100,186,221
125,227,161
114,272,4
80,273,-62
-4,239,-144
-58,224,-160
-156,185,-130
-197,158,-105
-264,66,-69
-289,20,3
-291,-4,31
-282,-59,88
-271,-76,114
-234,-110,177
-191,-137,217
-103,-254,189
-48,-309,101
-51,-317,53
-10,-321,-16
16,-322,-24
75,-320,55
89,-296,124
108,-214,241
126,-150,283
174,-49,291
177,16,288
163,45,289
145,60,294
131,50,305
105,33,318
81,27,325
17,38,327
-22,65,315
-40,88,304
-73,115,276
-73,131,264
-106,181,200
-125,202,153
-99,233,121
-63,241,146
50,206,232
85,150,277
115,105,297
133,50,309
164,22,307
228,15,277
239,33,262
268,60,221
288,81,175
301,83,150
316,74,114
319,75,113
346,54,34
346,20,-81
235,-20,-260
165,-52,-303
22,-99,-325
-73,-138,-297
-115,-135,-280
-178,-70,-260
-177,-2,-260
-93,165,-226
-41,235,-169
14,290,-1
17,261,159
0,231,205
-8,155,286
-23,121,301
-59,92,300
-62,99,294
-19,132,292
12,179,265
89,258,158
119,278,-44
126,247,-141
124,114,-286
118,26,-321
96,-141,-320
80,-212,-290
10,-317,-184
-20,-348,-112
-17,-362,39
46,-336,149
62,-314,178
54,-275,229
44,-259,244
50,-215,273
44,-198,282
17,-193,279
-1,-217,255
-8,-230,246
-24,-249,224
-33,-266,203
-54,-295,159
-66,-302,139
-78,-316,106
-87,-319,86
-101,-324,50
-116,-324,13
-126,-324,-11
-139,-309,-57
-144,-303,-77
-153,-282,-117
-160,-268,-138
-180,-230,-167
-211,-180,-182
-234,-138,-178
-280,-49,-116
-298,-11,-55
-285,42,75
-251,42,167
-147,-7,294
-123,-30,306
-84,-53,316
-68,-58,316
-64,-53,321
-48,-59,322
-38,-68,323
-10,-84,327
14,-85,328
67,-91,325
138,-97,310
172,-110,296
214,-147,257
220,-169,237
224,-187,218
224,-182,221
241,-131,232
267,-93,226
312,4,167
349,41,11
332,56,-103
138,75,-286
-13,57,-300
-177,51,-216
-222,64,-148
-280,22,26
-260,-119,134
-220,-162,186
-161,-144,258
-182,-99,264
-271,37,129
-256,116,66
-94,259,36
12,281,73
117,221,191
9,91,308
-87,38,298
-219,-51,208
-246,-84,155
-255,-144,96
-250,-165,81
-243,-184,79
-243,-181,91
-253,-135,117
-272,0,94
-263,61,65
-176,184,-47
-116,219,-74
41,272,-8
123,257,72
246,104,214
227,-55,280
188,-145,287
58,-249,257
28,-290,214
33,-325,136
44,-320,135
76,-296,167
93,-272,194
110,-217,248
134,-146,281
140,-103,295
161,8,291
161,80,273
98,227,163
95,257,77
124,240,-134
237,116,-210
298,82,-165
355,-33,-107
353,-95,-87
328,-179,-53
306,-218,-31
205,-308,-3
161,-331,-1
107,-335,22
-2,-261,206
-94,-166,246
-202,-3,194
-219,71,130
-227,116,-1
-234,97,-41
-245,65,-81
-254,35,-95
-245,38,-114
-196,-66,-213
-144,-143,-241
-11,-302,-167
38,-339,-91
118,-335,69
139,-318,106
158,-284,165
150,-269,197
128,-265,217
84,-241,255
93,-236,254
108,-239,249
114,-243,244
83,-224,264
35,-210,285
-20,-145,311
-117,-73,296
-159,-39,271
-181,-18,247
-187,-5,239
-150,52,237
-147,34,249
-131,-73,271
-93,-232,215
-61,-293,144
-2,-336,-19
41,-327,-50
98,-324,-2
91,-319,83
9,-216,255
-42,-77,303
-67,177,194
-37,243,85
-21,243,93
3,204,191
-7,168,236
-68,58,282
-102,-6,283
-153,-94,245
-176,-171,174
-182,-206,129
-199,-216,89
-211,-205,93
-252,-117,108
-261,-33,107
-238,105,31
-216,140,-27
-178,154,-125
-117,161,-190
-93,189,-178
11,257,-101
58,263,-90
137,249,-65
171,242,-9
179,207,132
152,103,259
143,52,286
134,-24,295
127,-77,293
125,-123,279
135,-120,281
198,-21,264
253,24,208
327,71,28
287,46,-182
226,62,-240
162,134,-238
163,199,-160
129,242,118
67,195,223
-91,55,290
-158,-16,267
-210,-155,183
-172,-248,123
-143,-273,111
-99,-280,147
-96,-242,211
-107,-79,291
-114,10,284
-105,171,190
-90,239,57
-79,249,5
-61,247,-59
-51,241,-94
-42,251,-90
-41,259,-18
-12,228,166
29,168,250
128,-34,317
209,-150,253
244,-171,206
287,-171,133
301,-164,107
321,-151,65
329,-131,49
341,-96,38
343,-82,41
340,-94,57
315,-130,116
285,-149,162
206,-141,254
154,-129,292
56,-45,328
10,-7,330
-60,61,300
-136,103,241
-165,122,204
-203,145,115
-213,152,66
-184,177,-68
-159,167,-148
-87,87,-275
-67,28,-308
-55,-114,-315
3,-254,-254
40,-286,-223
98,-310,-181
108,-309,-180
76,-246,-254
-24,-134,-311
-210,57,-186
-182,178,110
-104,180,196
37,134,275
120,122,270
218,153,176
237,177,109
218,203,-95
199,154,-208
185,-47,-304
153,-264,-225
111,-326,-158
33,-367,-68
0,-368,-38
-66,-357,-25
-93,-343,-41
-156,-314,-29
-130,-327,-38
-105,-340,-33
-52,-355,-53
-53,-348,-71
-34,-350,-62
-38,-357,-39
-55,-354,2
-65,-347,51
42,-338,144
214,-196,245
292,-83,220
342,71,-81
252,24,-252
-37,-179,-295
-61,-190,-282
-128,-167,-259
-149,-130,-259
-181,-54,-244
-214,-24,-208
-232,-28,-184
-239,-83,-158
-233,-137,-143
-212,-239,-52
-149,-305,0
93,-358,-11
39,-227,-92
325,-133,-137
333,11,-143
353,66,-39
149,28,322
67,-37,348
39,-161,324
246,-168,230
369,-84,17
309,114,119
207,204,139
13,274,57
-57,260,3
-152,179,-118
-170,129,-162
-173,35,-219
-155,24,-234
-118,87,-235
-113,188,-147
-123,212,-73
-157,197,90
-141,170,177
-15,53,320
50,-50,338
166,-265,196
180,-317,-59
196,-273,-149
256,-123,-225
279,-46,-220
275,86,-189
250,144,-167
181,211,-154
181,218,-141
204,241,-23
-3,195,245
-111,123,267
-155,-74,295
-149,-202,252
-113,-299,162
-90,-338,90
49,-358,-80
56,-318,-176
136,-175,-287
255,-19,-252
302,62,-171
225,227,18
124,272,34
-36,271,-45
-75,239,-119
-84,182,-204
-48,198,-204
19,249,-126
66,269,57
132,217,175
198,-79,286
264,-156,199
344,-122,5
357,-34,4
278,73,189
93,105,291
-12,123,285
-205,126,139
-273,65,12
-247,-45,-137
-187,-65,-219
80,97,-278
114,186,-197
134,257,21
295,110,138
337,39,98
325,100,-53
288,157,-55
128,265,-10
-14,272,-15
-200,176,-49
-228,137,-57
-248,35,-139
8,100,-286
117,168,-226
278,166,25
317,50,136
299,-174,135
325,-175,40
343,-41,-102
298,147,-18
238,197,79
22,197,223
-84,168,227
-246,77,111
-281,12,6
-234,-158,-107
-170,-196,-162
106,-90,-297
285,114,-108
307,118,-12
311,-53,165
279,-139,186
161,-282,144
113,-323,71
182,-267,-119
235,-159,-197
209,80,-215
28,216,-157
-73,228,-72
-222,118,94
-247,29,138
-238,-157,118
-199,-236,61
-86,-311,47
14,-323,-106
104,-267,-203
340,-66,-100
359,-42,12
335,-84,118
307,-170,117
175,-316,1
155,-303,-105
204,-132,-246
156,175,-175
74,255,-46
-85,216,122
-140,183,133
-270,40,55
-282,-71,10
-249,73,77
-182,162,82
-32,246,3
64,127,-236
82,-6,-285
57,-189,-256
97,-238,-218
283,-197,-121
313,-131,-130
45,-139,-307
-278,-122,-24
-281,-5,88
-101,213,143
23,257,104
257,186,0
328,86,18
296,43,173
212,119,221
-24,208,194
-109,224,110
-124,225,65
-126,226,88
-95,237,109
48,279,7
134,256,-64
315,49,-156
321,-109,-157
173,-327,-63
95,-355,40
127,-343,38
268,-248,-57
283,-161,-162
145,-77,-296
107,-73,-305
88,-52,-317
102,6,-312
105,193,-217
76,282,33
51,251,157
-9,48,334
-33,-83,340
-104,-267,200
-159,-286,99
-214,-233,-34
-218,-219,-46
-191,-239,-48
-118,-272,-101
-79,-270,-142
-17,-221,-230
-4,-175,-267
11,-71,-303
19,-38,-309
118,25,-297
203,101,-239
240,161,-155
196,236,68
133,221,183
-20,71,318
-40,-33,336
-11,-236,267
-32,-300,177
28,-343,59
113,-310,-95
91,-262,-186
15,-177,-259
-3,-146,-273
-19,-104,-293
27,-102,-301
145,-121,-278
181,-144,-256
250,-154,-196
260,-128,-206
254,-109,-218
251,-97,-224
247,-95,-226
244,-94,-227
246,-94,-227
261,-84,-216
267,-76,-211
260,-71,-215
264,-62,-217
266,-52,-218
268,-29,-219
269,-18,-215
287,-16,-192
289,-12,-192
292,6,-188
292,22,-184
293,31,-180
267,50,-211
266,68,-202
272,89,-187
289,89,-162
298,68,-171
308,53,-165
311,33,-174
320,25,-162
330,9,-153
344,-16,-130
347,-23,-125
346,-31,-124
347,-47,-123
340,-104,-129
331,-140,-138
324,-147,-139
326,-157,-139
323,-154,-145
321,-155,-150
322,-149,-144
331,-136,-135
330,-135,-131
336,-129,-127
305,-72,-202
328,0,-160
246,163,160
96,146,273
-66,-3,328
-106,-93,311
-241,-170,146
-270,-149,-15
-266,-136,-51
-250,-134,-68
-232,-150,-99
-179,-110,-210
-139,-73,-256
-61,-11,-303
-55,9,-302
-85,17,-291
-99,-87,-291
-75,-153,-284
23,-243,-244
82,-257,-229
211,-193,-223
277,-114,-201
334,62,-95
304,140,16
131,147,261
27,-42,347
-6,-172,319
-123,-324,82
-153,-305,-53
-132,-181,-236
-123,-121,-263
-121,-74,-261
-105,-29,-267
-83,4,-273
-21,77,-272
-6,124,-254
-67,204,-139
-140,204,-65
-261,62,19
-278,-32,29
-232,-193,46
-104,-287,87
-27,-303,99
135,-276,105
180,-263,97
250,-238,82
281,-203,92
261,-170,203
137,-240,247
68,-283,222
7,-346,92
-5,-350,7
-9,-281,-182
19,-200,-257
22,7,-289
1,91,-255
-45,144,-203
-71,59,-253
-74,-16,-279
-82,-193,-242
-72,-258,-199
-17,-343,-90
35,-363,-7
171,-250,226
193,-110,293
151,57,302
211,135,218
304,136,64
197,7,-291
64,-61,-332
-138,-75,-273
-140,-25,-275
-62,137,-249
85,172,-236
110,142,-259
48,19,-321
-10,-52,-318
-111,-163,-254
-150,-188,-207
-184,-205,-154
-199,-206,-126
-190,-242,-79
-75,-324,-31
29,-347,-29
217,-283,-81
270,-220,-122
221,-43,-268
124,43,-299
-20,65,-295
31,-69,-320
67,-117,-309
146,-144,-277
200,-121,-256
325,69,-73
275,152,98
-16,86,306
-66,45,311
-77,-92,319
-163,-230,190
-220,-221,98
-265,-148,-16
-269,-130,-9
-212,-229,17
-147,-285,25
42,-342,10
215,-285,-60
244,-198,-183
113,-35,-311
94,7,-313
100,85,-287
156,127,-247
251,203,-30
201,224,114
-46,165,257
-174,100,228
-214,75,197
-215,75,201
-179,75,242
-78,53,313
-10,31,333
131,-45,327
249,-87,251
342,-78,-75
198,-3,-263
122,34,-290
56,101,-278
45,131,-261
84,192,-210
99,231,-154
88,238,-147
62,260,-104
62,274,-49
23,269,101
-3,250,149
-32,222,190
-13,223,193
21,237,185
66,261,123
82,260,109
104,256,109
104,256,115
130,251,112
137,256,85
135,262,11
130,264,3
121,258,-55
61,235,-147
-4,204,-190
-68,203,-172
-84,203,-154
-104,180,-181
-113,133,-219
-124,41,-262
-132,-31,-264
-133,-52,-262
-139,-67,-257
-141,-42,-258
-175,48,-218
-174,111,-184
-153,202,-83
-148,218,-35
-121,240,37
10,233,194
71,176,265
46,-17,346
-9,-107,337
-66,-223,247
-34,-265,213
104,-306,123
216,-282,28
267,-246,2
353,-79,-45
349,38,-55
230,218,8
155,254,52
14,267,79
-63,253,66
-173,181,-41
-184,61,-188
-172,-7,-216
-125,-52,-252
-101,-40,-269
-38,70,-278
1,149,-239
57,250,-113
118,265,-18
233,169,166
269,-15,237
285,-75,206
312,-151,40
298,-147,-64
140,-64,-262
23,-24,-280
-72,43,-259
-68,170,-204
-37,237,-131
2,279,62
-3,254,147
-16,162,275
-37,99,312
-162,-11,286
-201,-36,263
-179,-76,271
-143,-133,282
-137,-172,267
-139,-235,209
-137,-265,167
-149,-286,47
-160,-275,-22
-164,-216,-135
-134,-169,-194
-110,-140,-221
-79,-125,-239
-54,-130,-244
-38,-144,-237
-32,-169,-230
-1,-243,-183
47,-278,-151
223,-275,-45
294,-219,39
256,-262,19
128,-300,-112
50,-255,-198
-60,-81,-268
-122,-16,-243
-218,-12,-160
-240,-64,-128
-178,-223,-110
-65,-314,-46
-25,-328,9
84,-322,73
136,-313,72
224,-275,69
247,-252,92
199,-290,96
48,-336,-72
-48,-290,-145
-137,-162,-222
-189,-88,-203
-242,-40,-137
-252,-51,-116
-251,-107,-98
-231,-149,-108
-123,-249,-146
8,-276,-179
56,-273,-185
63,-268,-193
12,-274,-185
-101,-234,-189
-152,-180,-195
-174,-32,-218
-142,24,-235
-33,35,-283
28,-10,-299
41,-46,-303
15,-141,-284
-40,-150,-270
-85,-183,-235
-93,-159,-245
-114,2,-261
-184,94,-164
-220,61,-143
-238,-80,-143
-210,-150,-160
-113,-251,-176
-53,-280,-170
122,-306,-135
213,-282,-84
309,-176,121
152,-185,278
135,-213,263
209,-235,195
265,-214,150
335,-120,92
345,-67,76
342,11,60
344,22,37
349,-54,-22
224,-231,-135
158,-261,-150
29,-276,-173
-27,-230,-211
-136,-1,-238
-174,66,-188
-246,-3,-100
-207,-197,-97
-121,-280,-97
82,-336,-5
159,-312,36
218,-261,110
183,-277,137
49,-336,69
-115,-300,-46
-159,-271,-57
-168,-270,-42
-141,-290,-55
-34,-329,-85
48,-329,-110
234,-267,-111
309,-205,-71
347,-51,129
205,-126,288
113,-243,256
-83,-330,87
-122,-320,16
-12,-350,-52
70,-332,-123
132,-177,-279
120,-94,-312
96,-69,-321
117,-73,-323
194,4,-296
258,220,-8
163,229,157
70,128,301
102,49,332
94,-142,325
144,-272,204
204,-299,85
261,-180,-179
242,-75,-243
68,71,-293
-12,61,-296
-67,-7,-295
-32,-5,-306
104,131,-263
146,264,-10
138,253,107
192,96,276
208,-45,297
289,-190,145
311,-193,34
309,-67,-152
102,188,-189
-115,169,-154
-168,119,-159
-176,39,-206
-151,33,-236
-57,106,-253
-24,175,-217
7,266,-56
15,235,176
43,164,272
160,-2,319
254,-51,263
362,-14,61
358,29,-39
245,131,-181
179,172,-199
58,200,-211
-6,159,-254
-3,140,-273
29,128,-296
41,162,-273
17,264,-143
-23,285,-52
-135,236,96
-153,160,214
-126,115,271
-60,-43,343
39,-135,339
179,-308,125
207,-304,-37
194,-192,-230
188,-86,-282
136,56,-288
147,76,-279
206,85,-247
251,201,-83
212,244,35
100,208,220
79,151,283
110,-25,336
192,-158,265
279,-160,172
330,-146,-41
314,-133,-113
250,-26,-236
188,8,-277
194,-40,-282
248,-5,-245
274,165,-97
115,191,243
57,76,338
119,-223,279
271,-218,169
366,-62,-76
328,62,-132
206,152,-210
199,135,-240
199,190,-168
170,254,81
221,183,182
343,-3,153
355,-4,125
325,123,70
298,161,-55
250,49,-240
239,70,-240
296,117,-137
373,-13,-32
375,-32,-17
365,39,-12
344,56,-97
275,-7,-228
267,-7,-235
305,69,-164
363,28,-55
362,18,-65
354,38,-84
336,54,-121
294,-63,-210
277,-104,-220
270,-143,-203
276,-166,-170
262,-168,-190
227,-115,-253
224,-57,-275
246,77,-235
272,117,-180
312,138,-86
325,128,-59
342,112,-13
354,78,24
357,61,31
354,41,89
347,39,120
336,7,151
338,5,147
341,65,109
332,106,80
284,182,-17
247,158,-162
250,105,-210
263,14,-229
274,-11,-220
274,-34,-217
255,-19,-236
225,77,-242
262,156,-136
291,153,-98
335,103,-48
342,101,-6
343,52,120
331,43,161
310,-11,213
306,-64,213
318,-122,185
279,-78,245
294,-3,218
303,133,101
291,166,21
302,139,-70
311,105,-110
295,36,-190
285,-36,-212
287,-74,-211
279,-132,-202
279,-131,-196
289,-119,-186
296,-108,-180
310,-95,-169
312,-85,-167
320,-70,-165
320,-49,-165
320,-34,-162
324,-4,-144
310,33,-167
269,143,-135
284,142,-116
329,115,-30
318,135,-10
205,219,-93
75,185,-227
22,125,-275
-58,28,-293
-76,-1,-285
-104,-39,-270
-127,-52,-258
-171,-88,-222
-186,-102,-210
-189,-77,-214
-177,57,-215
-169,120,-176
-190,166,-76
-208,166,-25
-224,139,92
-206,73,207
-178,31,255
-107,-93,310
-49,-159,306
100,-263,232
166,-290,155
197,-306,6
179,-307,-56
141,-300,-133
149,-257,-201
179,-222,-226
238,-145,-238
265,-118,-230
290,-86,-213
299,-59,-208
290,13,-212
273,14,-225
281,-21,-220
290,-44,-203
291,-92,-186
292,-100,-183
279,-77,-206
274,-62,-219
279,-18,-223
333,-16,-156
351,-47,-117
347,-124,-98
339,-148,-101
339,-132,-99
358,-100,-82
357,-9,-96
330,52,-130
221,129,-214
183,82,-269
182,56,-278
173,27,-285
150,21,-296
121,63,-295
116,98,-287
128,183,-216
180,234,-99
214,232,-30
277,176,79
300,134,110
309,66,173
305,57,189
279,108,184
249,166,156
145,264,32
46,245,-147
29,186,-228
46,60,-307
62,19,-316
48,-4,-322
24,30,-314
1,151,-256
49,263,-100
77,277,-18
156,236,135
197,189,186
241,79,244
249,39,256
233,53,260
220,108,245
147,226,158
18,278,-38
-29,233,-148
-56,110,-263
-52,65,-283
-53,26,-294
-60,49,-286
-97,139,-227
-74,253,-52
-23,275,58
92,196,230
131,124,283
138,-9,327
114,-34,330
89,-20,334
77,28,332
29,169,271
-63,264,51
-94,238,-97
-118,91,-243
-115,41,-262
-130,6,-264
-135,31,-251
-172,144,-152
-180,194,-31
-89,197,202
29,76,316
39,31,325
9,-26,329
3,-39,329
-11,19,327
-52,71,309
-156,170,163
-200,157,-67
-179,113,-166
-128,7,-253
-127,-20,-257
-169,6,-218
-202,49,-168
-246,94,-43
-255,98,34
-169,116,216
-54,53,308
-49,16,312
-95,-49,297
-124,-48,285
-248,-41,176
-293,-12,38
-202,107,-164
-80,261,-30
-14,274,98
104,142,284
153,33,317
201,-162,254
207,-224,186
196,-283,24
194,-275,-54
190,-207,-163
200,-115,-217
196,-77,-233
179,-56,-248
152,-98,-252
143,-217,-183
171,-255,-115
261,-237,19
336,-101,64
351,-22,58
312,126,-46
260,162,-117
160,153,-220
143,144,-232
41,104,-281
-40,71,-280
-168,53,-218
-217,61,-152
-232,50,-129
-272,-10,-60
-276,-52,-28
-244,-165,-13
-201,-230,-16
-78,-310,-32
-40,-318,20
-6,-284,141
31,-234,196
67,-221,205
145,-217,194
183,-218,174
240,-230,125
245,-242,108
198,-294,-10
164,-234,-156
168,-187,-186
212,-107,-183
235,-94,-161
246,-91,-171
225,-68,-203
171,54,-231
106,108,-230
38,127,-223
-24,78,-236
-79,61,-231
-183,-7,-169
-184,-32,-175
-145,-25,-232
-111,17,-260
-65,200,-173
-7,272,78
40,227,213
50,-16,354
22,-154,327
-15,-330,128
-47,-335,36
-102,-292,-57
-120,-271,-65
-160,-232,-49
-194,-193,-48
-200,-180,-58
-216,-195,-19
-224,-191,-15
-232,-186,-53
-201,-221,-77
-73,-300,-93
-213,-324,-9
64,-310,51
9,-274,133
-27,-249,156
-31,-213,197
9,-206,211
49,-245,170
48,-287,104
102,-291,-77
148,-211,-174
182,-169,-184
227,-105,-183
249,-86,-166
262,-59,-160
254,-63,-176
163,-85,-241
93,-125,-252
-12,-251,-159
-28,-306,6
-8,-307,62
70,-293,132
117,-282,144
220,-231,146
265,-192,140
321,-116,104
350,-67,25
354,-58,-21
336,-49,-101
326,-47,-132
286,-49,-194
263,-47,-209
142,-26,-282
53,-24,-296
-52,-55,-280
-176,-63,-213
-248,-4,-113
-155,188,118
-44,231,165
180,206,178
273,135,168
343,-107,131
316,-208,78
260,-247,-112
223,-173,-229
207,-128,-260
221,-119,-254
238,-125,-240
253,-101,-232
266,-52,-223
204,65,-249
141,91,-275
-39,94,-292
-195,55,-224
-237,53,-171
-280,49,-70
-282,46,-41
-286,32,-4
-286,23,1
-294,-14,1
-297,-31,44
-298,-50,47
-286,-109,99
-280,-129,112
-279,-133,98
-277,-144,100
-261,-170,123
-232,-189,167
-93,-227,254
21,-263,231
24,-276,199
15,-309,105
-16,-321,38
-95,-275,-112
-126,-216,-179
-172,-46,-226
-138,68,-237
-132,95,-226
-135,108,-222
-133,98,-229
-89,113,-254
-52,134,-255
-6,153,-256
-19,144,-258
-59,107,-274
-98,91,-276
-113,101,-265
-126,159,-207
-132,186,-167
-133,201,-143
-142,189,-148
-172,191,-100
-203,191,-24
-228,147,121
-202,78,234
-180,10,282
-109,-147,303
-45,-215,290
224,-251,183
342,-170,64
288,42,-207
51,61,-314
-44,-6,-319
-96,-127,-288
-63,-191,-272
38,-264,-225
87,-273,-202
177,-236,-189
213,-190,-206
290,-11,-192
245,174,144
157,99,289
-48,-192,297
-107,-280,180
-130,-273,-133
-115,-194,-224
-45,-75,-295
-20,-46,-295
-15,-44,-293
10,6,-291
25,44,-284
18,132,-244
-26,179,-201
-191,154,-87
-246,98,-36
-281,-21,-39
-232,-190,-93
-177,-251,-105
-2,-315,-140
86,-302,-153
189,-249,-177
212,-214,-194
213,-149,-250
191,-110,-283
118,-29,-324
52,37,-333
2,41,-327
-65,6,-307
-64,2,-307
26,47,-302
98,101,-272
186,190,-160
200,238,23
214,207,120
263,63,221
301,-11,188
335,-58,-20
292,-26,-140
131,27,-257
33,43,-264
-110,-37,-228
-186,-32,-174
-214,31,-144
-113,241,-26
13,282,43
235,217,100
264,179,142
79,164,282
-90,117,290
-132,59,295
-207,-35,259
-229,-65,231
-191,-65,271
-83,-4,337
150,142,279
258,167,165
346,61,-114
304,23,-207
286,43,-223
222,50,-273
165,48,-301
2,51,-323
-77,20,-310
-115,6,-295
-111,37,-285
-132,145,-203
-137,219,-81
-153,221,-3
-214,136,143
-235,42,194
-233,-191,151
-215,-249,75
-213,-242,-63
-237,-203,-39
-222,-215,-7
-210,-199,7
-205,-189,10
-204,-195,1
-187,-224,4
-107,-296,48
-63,-318,55
23,-338,12
183,-277,-133
294,-207,-77
292,-141,189
210,-162,263
118,-254,244
116,-299,180
167,-324,-8
189,-292,-80
49,-194,-258
-201,-140,-157
-232,-153,-94
-251,-170,-19
-247,-177,-23
-183,-258,-48
-119,-302,-46
-90,-302,-92
-197,-199,-140
-255,-65,-124
-217,154,-30
-157,215,13
-11,270,60
55,280,40
144,249,-83
115,212,-178
10,38,-309
-13,-162,-294
31,-240,-249
147,-230,-237
26,-121,-311
-161,34,-248
-172,94,-215
-89,187,-201
-53,177,-235
-37,166,-249
-32,136,-264
-37,135,-269
-15,130,-273
40,91,-302
299,-61,-201
377,-65,8
353,22,120
310,39,198
284,25,234
258,18,262
279,46,240
305,110,169
335,93,122
312,-174,167
220,-295,129
-29,-343,-56
-135,-186,-222
-99,-80,-283
-92,86,-258
-102,94,-255
-72,69,-280
-48,56,-290
-27,60,-298
-84,97,-267
-86,153,-232
-45,255,-104
-28,275,-31
-87,254,88
-90,235,146
-135,112,263
-177,5,275
-234,-185,136
-121,-309,68
-27,-341,60
239,-283,-33
298,-210,-90
289,56,-181
173,142,-218
-74,117,-249
-163,-14,-243
-189,-57,-223
-229,-44,-172
-244,-43,-143
-258,-63,-118
-259,-77,-108
-252,-180,-57
-247,-195,-39
-248,-203,34
-216,-218,141
-182,-238,170
-136,-242,209
-133,-214,232
-101,-226,237
-62,-251,234
-27,-264,228
-32,-270,221
-41,-267,223
-8,-256,243
12,-238,259
34,-253,247
54,-281,215
23,-295,206
25,-297,203
120,-318,141
191,-313,-63
137,-278,-203
1,-88,-326
-10,-7,-323
-66,70,-290
-90,40,-293
-26,-100,-320
32,-135,-315
256,52,-192
130,193,174
30,137,264
-101,-32,317
-111,-121,303
-34,-293,212
37,-332,152
127,-348,23
211,-293,-73
257,-236,-112
274,-111,-201
216,-72,-264
175,-88,-292
187,-106,-280
203,-154,-251
215,-156,-242
271,-84,-200
293,4,-167
295,-15,-170
281,27,-179
247,7,-226
244,1,-233
230,26,-239
230,-5,-250
225,3,-250
229,-4,-248
204,105,-217
205,113,-211
227,102,-201
257,40,-207
257,-19,-232
252,-22,-234
206,-101,-267
61,-317,-159
-2,-359,-29
-56,-309,162
-63,-267,213
-92,-186,266
-99,-130,287
-134,-70,290
-158,-60,278
-197,-51,251
-228,-170,180
-203,-181,201
-182,-225,174
-209,-245,102
-278,-121,-116
-235,32,-184
-87,234,-143
101,281,-35
145,266,40
75,250,163
36,243,176
24,261,135
42,257,140
80,186,238
71,94,302
56,-38,336
40,-15,335
69,7,332
171,51,277
208,93,225
175,169,191
174,171,194
287,96,128
324,-121,-83
242,-221,-159
-63,-345,21
-54,-289,200
167,-78,295
241,1,246
234,160,138
140,223,146
-43,186,226
-47,-17,311
23,-99,303
176,-160,227
232,-186,147
249,-236,-14
222,-258,-73
118,-266,-195
-16,-257,-229
-79,-258,-212
-147,-310,-24
-122,-310,111
51,-229,265
149,-180,263
250,-140,187
257,-145,167
231,-191,166
173,-280,112
143,-309,61
63,-343,-2
26,-351,-18
-76,-315,-146
-160,-233,-195
-260,1,-166
-241,121,-124
-94,230,-162
134,230,-181
244,181,-153
303,153,70
266,138,162
168,49,290
103,-35,317
-52,-165,273
-212,-132,163
-259,-85,97
-275,-76,9
-268,-124,12
-84,-317,-25
81,-243,-217
88,8,-305
149,11,-284
334,2,-58
272,37,173
221,82,216
193,153,191
217,160,158
267,175,-47
230,164,-157
92,203,-213
54,265,-128
53,284,-79
49,281,-93
9,252,-148
-122,148,-219
-203,82,-193
-300,-62,84
-243,-200,126
-160,-253,186
-120,-243,229
-39,-181,306
3,-162,326
77,-85,340
94,-27,337
61,72,316
23,82,308
-9,25,312
32,-21,308
87,-87,289
166,-178,211
170,-237,152
126,-307,-1
88,-316,-63
21,-327,-88
-21,-337,-60
-49,-345,-3
-28,-310,166
30,-272,233
162,-197,253
195,-192,229
147,-284,140
80,-327,65
-72,-306,-120
-107,-66,-287
-64,50,-296
43,160,-264
84,179,-248
118,249,-160
174,254,-122
295,187,33
286,-11,229
224,-142,251
52,-309,154
-40,-321,105
-143,-294,54
-137,-292,29
-147,-280,-12
-158,-269,-40
-184,-232,-94
-244,-185,-64
-270,-150,-46
-302,-25,-33
-288,57,-52
-196,206,-76
-129,245,-97
14,295,-78
152,294,24
151,287,48
163,250,143
165,210,197
204,149,217
223,150,191
276,91,163
332,-73,-11
303,-147,-75
196,-271,-95
130,-324,9
59,-200,285
40,-116,328
21,-19,338
247,70,313
-53,104,290
-56,153,260
5,172,264
245,170,137
333,82,34
286,-77,-199
180,-126,-278
-100,-247,-218
-196,-286,52
-159,-270,165
-51,-285,209
9,-307,183
211,-272,99
284,-221,38
329,-49,-135
308,-15,-192
215,-36,-296
3,-9,-348
-61,33,-329
-107,54,-298
-136,-8,-294
-227,-139,-205
-206,-266,-90
-20,-350,76
138,-296,114
188,-270,100
261,-207,51
287,-175,28
312,-127,-25
304,-127,-99
115,-221,-232
-236,-176,-121
-290,-108,-8
-223,18,217
-121,80,273
-34,100,278
2,149,244
-25,174,193
-19,151,214
71,107,221
167,23,232
188,-70,234
182,-246,138
156,-294,65
125,-300,-108
127,-266,-180
66,-240,-240
-7,-285,-191
-53,-334,54
-37,-235,256
-43,-111,321
74,171,276
128,257,143
178,232,-122
168,126,-252
73,-99,-319
52,-260,-230
106,-319,-131
277,-234,47
324,-124,109
306,2,176
267,9,225
181,2,277
143,-45,283
152,-143,227
129,-238,145
94,-266,119
39,-300,91
13,-311,77
-30,-325,35
-58,-318,10
-119,-302,23
-64,-320,39
-36,-323,64
-15,-300,136
-39,-288,159
-100,-248,201
-118,-223,217
-188,-234,156
-221,-224,110
-293,-143,42
-307,2,-9
-290,54,-58
-187,91,-215
-71,64,-296
234,30,-236
321,45,-105
313,41,131
274,19,198
211,-82,238
140,-169,225
102,-189,225
-4,-137,276
-49,-48,297
28,110,273
131,89,251
242,-111,141
209,-211,70
175,-218,147
210,-60,236
251,-47,171
269,-84,18
256,-68,-32
254,51,-8
234,81,101
196,17,187
182,-125,188
198,-161,150
218,-218,36
205,-244,-15
113,-286,101
117,-241,180
146,-62,292
-39,76,323
-159,81,277
-256,-39,201
-228,-150,181
-31,-299,-136
-58,-268,-171
-123,-260,-143
-142,-240,-148
-190,-245,-80
-229,-224,30
-264,-179,77
-303,15,-45
-189,17,-237
-81,-60,-297
136,-177,-240
226,-208,-119
241,-182,-124
143,-258,-135
60,-306,-94
-64,-317,61
-143,-286,100
-269,-140,145
-277,-80,169
-222,-88,248
-180,-136,255
-185,-155,236
-256,-160,139
-299,-125,86
-256,162,-90
-53,274,-137
182,249,-112
283,153,-83
319,-74,47
262,-144,125
91,-237,195
-1,-255,197
-142,-148,263
-118,-88,303
17,-106,317
81,-198,238
60,-257,164
-79,-310,-32
-146,-261,-134
-138,-55,-283
